12:27 PM - 12 Dec 2015|The shadow greed A brief essay Disney business Star Wars http qz com 572584|7|21
7:24 AM - 9 Dec 2015|Donald Trump The police London terrified lives pic twitter com 7wnfACgwOg|7.8K|5.9K
11:30 AM - 12 Dec 2015|The life crimes Iain Duncan Smith The 'quiet man' kept little quieter http bit ly 1QDg9G4|15|6
9:59 PM - 18 Nov 2015|Bomb Syria pic twitter com fpGpsFsJiu|1|0
5:10 AM - 12 Dec 2015|@mrmarksteel @David_Cameron one 'start war' dinners pic twitter com synf1iguK6|6|6
11:07 AM - 12 Dec 2015|Politicians slam end right lifetime tenancy - join fightback http www mirror co uk news uk-news save-council-homes-politicians-parties-6997069#ICID sharebar_twitter pic twitter com 9CVcbQkLUJ|73|32
10:56 AM - 12 Dec 2015|'a crisis greed war corporations' On point ever @chunkymark https twitter com chunkymark status 675749688025436160|8|5
9:54 AM - 8 Dec 2015|Making false allegation representations crime Fraud False Representation Fraud Act 2006 https twitter com RTUKnews status 674275255398113280|49|17
10:49 AM - 12 Dec 2015|Homs bomb attack kills 16 http bbc 1NVB1Dp|130|77
10:42 AM - 12 Dec 2015|BOYCOTT EVERYTHING #TRUMP Destroy brand #BoycottTrump pic twitter com r6oZNBfat2|17|21
10:30 AM - 12 Dec 2015|Harrison Ford MOCKS Donald Trump reminds #AirForceOne 'just movie' http bit ly 1lWc8AZ pic twitter com l5HespCeDW|8|4
10:17 PM - 11 Dec 2015|Well Clarice lambs stopped screaming pic twitter com 3hYj9gSUsw|436|594
10:18 AM - 12 Dec 2015|#DonaldTrump #terrorist By @ShareenM http femininecollective com terror-of-trump pic twitter com fAN1d2Ggv4|4|2
9:55 AM - 12 Dec 2015|Check @chatter_bob like brutal humour sarcasm rude jokes blog https dailybobblog wordpress com cool #blogs|1|0
4:02 PM - 10 Dec 2015|Can someone explain Tory MP Lucy Allan got away inventing death threat constituent http ind pn 1lOWibm|1.8K|1K
5:52 AM - 12 Dec 2015|We've found way get rid @realDonaldTrump Sort http www comedycentral co uk donald-trump articles this-amazing-browser-setting-replaces-donald-trump-with-voldermort pic twitter com UyuC7VZwns|2|7
1:29 AM - 12 Dec 2015|Corbyn gets slammed pals Stop War noone bats eyelid PM dinner arms dealers - World much eggnog|426|361
5:40 AM - 12 Dec 2015|Why stop Trump Here I would ban writes @gilescoren http thetim es 1STKZd3 pic twitter com X1iDY71fgo|14|17
5:43 AM - 12 Dec 2015|This Muslim cartoonist uses drawings talk almost issue except Donald Trump http qz com 572174|12|8
6:15 PM - 7 Dec 2015|Really Jason Manford defends Jimmy Carr following Ofcom investigation dwarf joke http www mirror co uk 3am celebrity-news really-jason-manford-defends-jimmy-6972532 pic twitter com 1AypRnx93p|4|2
11:37 PM - 7 Dec 2015|Anonymous running Isis trolling day http ind pn 1LYo3ng|54|51
11:21 PM - 7 Dec 2015|Donald Trump ban Muslims entering US http trib al yEEs0xo|93|39
11:18 PM - 7 Dec 2015|Gordon Brown gets top economic post causing Global Financial Crisis pic twitter com 1YRAHBDRKy|15|7
6:41 AM - 7 Dec 2015|#BomberCameron wants cut Fire Services bone unless stop https twitter com Tonka054t status 673406964710449152|19|6
12:07 AM - 7 Dec 2015|About chair COBRA floods meeting The agenda 1 Does anyone know #Carlisle 2 How make Jeremy Corbyn's fault|515|354
11:44 AM - 4 Dec 2015|Mother 3-year-old's angry letter David Cameron goes viral http trib al GVzbDmf pic twitter com 6ENJGo4xSD|22|13
8:43 PM - 2 Dec 2015|Here little time America gets mass shootings http bzfd 1l9uGhu pic twitter com fq8qDz8YS4|325|260
10:40 AM - 27 Nov 2015|My wife says I never listen single word says something like|14|21
10:32 AM - 27 Nov 2015|David Cameron fails convince public back strikes ISIS Syria - poll http www mirror co uk news uk-news david-cameron-fails-convince-public-6914446 pic twitter com UdEQQiqN4c|98|44
6:24 AM - 24 Nov 2015|Imagine media furore #JeremyCorbyn instead #Tories http gu com p 4ef8e stw pic twitter com wjGNmnash5|26|11
12:14 AM - 24 Nov 2015|Frankie Boyle This worst time society go psychopathic autopilot http trib al KK8xJ2R pic twitter com kIZc8AgmLL|279|200
11:56 PM - 23 Nov 2015|Please @BBCr4today Ask Cameron funding IS coming #Saudi When evasive ask And And|60|27
3:06 PM - 23 Nov 2015|Northern Ireland welfare cuts forced Parliament 4-year battle http www mirror co uk news uk-news welfare-cuts-forced-through-parliament-6888075#ICID sharebar_twitter pic twitter com 7mOWJyF7Mb|25|1
3:11 PM - 23 Nov 2015|Handbag humiliates shoppers shouting 'Do need ' reach credit card http www mirror co uk news uk-news smart-handbag-humiliates-shopaholics-shouting-6888124 pic twitter com o5pebZ8N8V|7|5
2:52 PM - 23 Nov 2015|Big Issue vendors going start selling espressos http ind pn 1X88hlu|32|33
2:37 PM - 23 Nov 2015|Iraq region fire Hell earth middle UK extracting oil free Where morals http www businessinsider com r-bp-says-taking-more-oil-from-iraq-as-payment-2015-4 IR T @DanJarvisMP|11|7
11:19 AM - 23 Nov 2015|Syria airstrikes David Cameron plans Commons vote next week http trib al j3KcDSx|35|13
12:05 AM - 23 Nov 2015|Why looks almost certain UK start bombing Syria http i100 io oOrPHrE pic twitter com HYi6WkDp6a|27|13
12:47 AM - 23 Nov 2015|Francois Hollande France Britain share security information fight terrorism IS pic twitter com HO6I1vPqUu|25|39
