10:00 PM - 11 Dec 2015|See 50 best images taken Hubble Space Telescope http ti 1NQTaCy|205|266
12:58 PM - 11 Dec 2015|Women like valued sex long committed partner http www ncbi nlm nih gov pubmed 26626185|66|230
2:45 PM - 11 Dec 2015|Susan Sontag storytelling advice writers http j mp 1QBwFGL pic twitter com 8gbjfkuyS1|9|30
3:45 PM - 11 Dec 2015|How know really want Milan Kundera core ambivalences love life http j mp 1lUTUjk pic twitter com U4K3SUkqIQ|53|67
4:00 PM - 11 Dec 2015|How To Use The Feynman Technique To Identify Pseudoscience http bit ly 1QAJDEx pic twitter com mLs6dI9ZKq|30|41
4:01 PM - 11 Dec 2015|Stunning view ISS Kjell Lindgren pic twitter com AgjhjAEdNS|537|1.4K
4:45 PM - 11 Dec 2015|How Zen master responds hate mail http j mp 21W6q3f pic twitter com c8o4UcxyjP|11|21
5:58 PM - 11 Dec 2015|Bullet lighter that's near candle https vine co v hlIYdXXWH2F|476|1K
6:19 PM - 11 Dec 2015|The Streets Will Never Be Same The Future Car-Free Roads http bit ly 1NSzH4h pic twitter com 2awKmfbla5|10|6
7:15 PM - 11 Dec 2015|The Heart Bottle tender fable happens deny difficult emotions http j mp 1J0PnkE pic twitter com kKFxlVfxI9|39|72
9:52 PM - 11 Dec 2015|When look closely anything familiar transmogrifies something unfamiliar The art looking http j mp 1J1C8Ap|21|25
11:44 AM - 11 Dec 2015|Activists risking lives tell truth Isis http ind pn 1Z3yU8N|28|13
6:48 AM - 11 Dec 2015|Advisory channels superstitious content http fb 4QlLsn0cg|1|0
2:10 AM - 11 Dec 2015|6 Things Every Film Producer Should Know http ow ly VKoSW|1|0
1:10 AM - 11 Dec 2015|All screenwriters take note http ow ly VKnF5|1|2
11:00 PM - 10 Dec 2015|Happy 200th birthday Ada Lovelace The world's first computer programmer imagination http j mp 1NYF9sw pic twitter com eKDo3Y6izX|24|25
7:47 PM - 10 Dec 2015|Mass deportation would cost 600 billion destroy millions families create police state #11MillionStories http youtu hdHAaQOnpBo|27|42
10:00 AM - 10 Dec 2015|The world seems full people offending particularly online Surely better way https youtu Bb2mVGE63YU|6|12
10:45 AM - 10 Dec 2015|Alfred Nobel died day 1872 surprisingly dark story legacy http j mp 1Y5dO7J pic twitter com q31OSxFGrQ|15|12
11:01 AM - 10 Dec 2015|How many times hit 'snooze' button Develop better willpower http ht ly VIDdm|1|6
9:38 AM - 10 Dec 2015|He knows speak He speaks know Shut I'm saying|2.7K|4.2K
8:45 AM - 10 Dec 2015|Ada Lovelace born 200 years ago today science religion http j mp 1NXzIdp pic twitter com GHxT4Icw9s|6|8
4:30 AM - 10 Dec 2015|Must Watch Tarantino The Cast Of 'The Hateful Eight' Talk About The 1st Day Of Their Shoot http ow ly VHAzT|1|0
2:30 AM - 10 Dec 2015|Here's What Filmmakers Need To Know About Successfully Crowdfunding A Film http ow ly VHfYU|2|1
2:32 AM - 10 Dec 2015|7 Things We Can All Learn From The Music And Life Of John Lennon http bit ly 1QxgsCm pic twitter com QpRO7tFrAN|11|15
2:58 AM - 10 Dec 2015|Ada Lovelace Nature Imagination Its Three Core Faculties It seizes points common betwe http bit ly 1U6Mnd1|11|12
11:30 PM - 9 Dec 2015|Gordon Willis On Shooting #'The Godfather' Why Mainstream Hollywood Studios Were Never Fond Of Him http ow ly VHfpl|1|0
10:30 PM - 9 Dec 2015|'Not Since #Satyajit Ray Have I Seen A Director Who Is So Confident' - @shekharkapur On @CourtTheFilm|1|0
9:30 PM - 9 Dec 2015|This Collection Of Breathtaking Movie Shots Tells You Why Cinema Is A Powerful Medium http ow ly VHeN2|2|2
1:31 AM - 9 Dec 2015|Mu-Shi worked compositing animatics animation technical head Maacher Jhol http ow ly VBI3i pic twitter com Mz9UZ768Mb|2|0
9:37 PM - 9 Dec 2015|Want To Make Films With Your Mobile Phones Well Here's What You Need To Know http ow ly VHfao|2|0
5:55 AM - 5 Dec 2015|bunch filthy mouth-breathing knuckle-dragging pigs run away first sign resistance http www independent co uk news world middle-east female-canadian-soldier-unimpressed-by-isis-strength-in-battle-a6761416 html|444|509
1:38 PM - 9 Dec 2015|Who Chelsea face last 16 The possibilities vary wildly http ind pn 1SOTWnL #CFC pic twitter com gah7G6jHCY|9|6
11:35 AM - 9 Dec 2015|Batman v Superman version characters right wrong http trib al x7fjY4U|30|33
