12:49 AM - 11 Dec 2015|Elderly couple assaulted youth Chandigarh accused arrested Chandigarh Police https amp twimg com v 4463447d-ae1e-482d-a177-41bd3c8acbb7|27|9
11:06 PM - 5 Dec 2015|#climatechange Let's something All us NOW @TimesNow @TOIMumbai @AnupamPkher @FarOutAkhtar pic twitter com H5jdG8laUi|123|196
10:00 PM - 3 Dec 2015|Mastering others strength mastering true power - Lao Tzu pic twitter com 8C58y0G3ea|33|25
1:10 AM - 2 Dec 2015|Kids days pic twitter com MojTOywYOA|329|605
1:31 AM - 2 Dec 2015|Practo building list verified doctors hospitals people Chennai use needed http prac chennaifloods|141|54
2:00 AM - 2 Dec 2015|Please retweet information #ChennaiFloods #ChennaiRainsHelp pic twitter com UfyPpwrkoC|496|92
11:10 AM - 29 Nov 2015|Sometimes pic twitter com g60rr3vMC1|426|652
3:10 AM - 29 Nov 2015|Seen zoned pic twitter com AtRy9x8JWn|593|831
7:26 PM - 27 Nov 2015|Atlantic Ocean Road Norway pic twitter com Oj6PADuYs1|2.4K|3.8K
10:42 AM - 27 Nov 2015|The Modern Mecca pic twitter com X4vkYK6JeX|2K|2.5K
11:10 PM - 21 Nov 2015|Bruh pic twitter com qeJ8UkEgFe|3.2K|4.8K
4:51 AM - 21 Nov 2015|Have look pic twitter com 55IFbf9Lcz|4.5K|4K
11:10 AM - 21 Nov 2015|Must try pic twitter com 8LvWNiZSfU|303|623
9:11 PM - 17 Nov 2015|Syrians stuck civil war condemned everywhere go #PrayForSyria pic twitter com 560dsCtLmH|1.2K|917
8:10 AM - 19 Nov 2015|waiting text back pic twitter com HfG7PRC3OJ|568|795
10:53 AM - 18 Nov 2015|Dude I cook hands feet https twitter com arindam00009 status 667052057795293184|339|527
2:04 AM - 16 Nov 2015|I'm confusion chennai venice #chennairains pic twitter com 62rrcvSfyZ|2|1
10:34 PM - 15 Nov 2015|This second incident Delhi organisers Zubin Mehta concert forced give passes police add rows|80|42
