12:23 PM - 10 Dec 2015|1974 Oh HaiR Someone told Ha ha ha pic twitter com yGuOLUVDvB|11|132
7:44 PM - 9 Dec 2015|I love #vlogmas I love much I made #vlogmas video even though I super suck #vlogmas https www youtube com watch v kZb4xFfyEJA|353|2.2K
10:29 PM - 9 Dec 2015|That's beautiful thing I've ever seen I don't time sad right|377|970
5:41 AM - 7 Dec 2015|Its odd PornHub's comment section less dumb friendly YouTube's|9|38
9:28 PM - 9 Dec 2015|made onto @latelateshow guest wall seemed like good spot pin picture #TylerOnCorden pic twitter com YNzaqRf8hC|1.8K|9.4K
8:19 PM - 9 Dec 2015|Sometimes it's boundaries give us freedom #guesswhohadaglassofwineatdinnahhhh #letsgodeeppeeps|226|1.5K
9:45 AM - 9 Dec 2015|real #YouTubeRewind deleted scene chased two escaped llamas flower crowns #llamadrama - D pic twitter com N9fe9BdwZ9|10K|24K
12:12 AM - 9 Dec 2015|Merry Litmas Sweater Get Yours Here http christmas af shop litmas-sweater On SALE tonight pic twitter com lBhyQ6Ufhb|213|561
7:32 AM - 9 Dec 2015|#wcw LILY pic twitter com GmJIsfEm8u|162|1.9K
6:45 PM - 8 Dec 2015|I love I hate everything #LDSpolicy #LDS #LGBT|8|20
6:57 PM - 8 Dec 2015|gonna first Christmas cookie DIY tonight @trishapaytas @mytoecold I'm ready hahaha|441|3.3K
7:21 PM - 8 Dec 2015|I know might sound controversial I'm #Tramp2016 pic twitter com tMwCA6JXgt|921|3.4K
6:11 PM - 6 Dec 2015|Well that's novel thought And new personal goal #TrevorLive pic twitter com oEiZyWotIH|400|2K
7:27 PM - 6 Dec 2015|Good night folks pic twitter com KnSBxdV42L|901|1.6K
7:34 PM - 6 Dec 2015|Whenever I get hurt I drink water - girl behind|933|5K
6:36 PM - 6 Dec 2015|millennium falcon begins lift Han buckle it's gonna b Finn much trip Han wha Finn hav aux Han|78|346
8:44 AM - 3 Dec 2015|The crabstickz shop looks awesome Well done @mookentooken @Chris_Kendall_ http www crabstickzshop com|5K|17K
5:12 PM - 3 Dec 2015|new favourite corner internet https www reddit com r woofbarkwoof top sort top #qualitycontent|7K|23K
4:12 PM - 5 Dec 2015|THE CONDOM CHALLENGE https www youtube com watch v 1fhijJEszhg RT pic twitter com rxQezNhg0P|546|2.3K
