9:32 AM - 9 Dec 2015|This holiday season always costs nothing nice people service industry I promise appreciate|243|238
10:23 AM - 8 Dec 2015|Trying decide board game Use handy flowchart includes phrase train fetish http bit ly 1ORWO2m #GnSGameNight|42|79
11:16 AM - 7 Dec 2015|To honor express gratitude unimaginable sacrifice fight maintain ordinary https twitter com KPCC status 673919050100027392|13|27
11:06 AM - 7 Dec 2015|Most likely things Tom Hiddleston he's tweeting 1 Being evil 2 Driving jaguar 3 Plotting 4 Acting 5 Saying sorry|350|613
6:07 AM - 7 Dec 2015|Oh It's Monday AHHHH #BobsBurgers pic twitter com vqx7Qz1rrm|253|359
2:25 AM - 6 Dec 2015|Dec 8th Pansexual Pride Day spread word even identify #Pansexual What Is #Pansexuality http www stop-homophobia com pansexuality htm|30|32
11:30 AM - 5 Dec 2015|Wonderful photos Beppe Sabatini first weekend #dickensfair #holidays http fb 3FoL5TT5X|1|1
7:31 AM - 17 Nov 2015|30 days till #StarWars #TheForceAwakens pic twitter com Fb574N1Ulq|22|20
11:54 AM - 17 Nov 2015|We're giving away TWO full sets @TheHungerGames Pop figures Learn enter http funko com blogs news 78182595-the-hunger-games-pop-giveaway pic twitter com WvTtVyxf44|420|431
10:00 AM - 14 Nov 2015|BIG Adoption Event - TODAY CCC volunteers PetSmart Best Buy shopping center TODAY 11 http fb 43EKP0Suh|1|1
