3:50 AM - 11 Dec 2015|HQ pictures Shah Rukh Kajol sneak peek event today 5 #MindblowingDilwalePromo pic twitter com Rh14PDPiTd|181|194
3:36 AM - 10 Dec 2015|I accept decision judiciary humility I thank family friends fans support prayers|13K|28K
9:14 PM - 8 Dec 2015|@filmmingle I soft spot #OsamuTezuka|1|1
6:04 PM - 8 Dec 2015|good morning https twitter com ZenProverbs status 674399001467346944|9|23
7:01 PM - 8 Dec 2015|#Indiefilm #filmmakers ADD #SupportIndieFilm twitter profile we'll promote 38k Followers|16|5
9:26 AM - 8 Dec 2015|T 2084 - Appreciation @guestlist_in @ShailendraS7 @Hardwell @MagicBusIndia - making difference music Dec 13|145|458
3:29 AM - 8 Dec 2015|#Mumbai Tickets special We Should All Kill Ourselves http bookmyshow com events we-should-all-kill-ourselves ET00035002 Come please pic twitter com weoI4vKQcZ|6|2
8:50 AM - 8 Dec 2015|After watching #MastizaadeMotionPoster I super excited watch movie @SunnyLeone @MastizaadeFilm http bit ly MastizaadeMotionPoster|4|2
8:34 AM - 8 Dec 2015|All best @zmilap To Laila Lily Lele #MastizaadeMotionPoster http bit ly MastizaadeMotionPoster|156|681
10:15 AM - 8 Dec 2015|Mega-hit Broadway show #Hamilton open Chicago next September http thr cm EHeCh3 pic twitter com NLgP2f47C5|30|56
